,author,book_name,book_url,date,img,price,publisher,translator
0,[法] 圣埃克苏佩里 ,小王子,https://book.douban.com/subject/1084336/, 2003-8 ,https://img1.doubanio.com/spic/s1237549.jpg, 22.00元, 人民文学出版社 , 马振聘 
1,[美] 卡勒德·胡赛尼 ,追风筝的人,https://book.douban.com/subject/1770782/, 2006-5 ,https://img3.doubanio.com/spic/s1727290.jpg, 29.00元, 上海人民出版社 , 李继宏 
2,,围城,https://book.douban.com/subject/1008145/, 1991-2 ,https://img3.doubanio.com/spic/s1070222.jpg, 19.00, 人民文学出版社 ,钱锺书 
3,,活着,https://book.douban.com/subject/1082154/, 1998-5 ,https://img3.doubanio.com/spic/s23836852.jpg, 12.00元, 南海出版公司 ,余华 
4,[日] 东野圭吾 ,白夜行,https://book.douban.com/subject/3259440/, 2008-9 ,https://img3.doubanio.com/spic/s4610502.jpg, 29.80元, 南海出版公司 , 刘姿君 
5,[日] 村上春树 ,挪威的森林,https://book.douban.com/subject/1046265/, 2001-2 ,https://img3.doubanio.com/spic/s1228930.jpg, 18.80元, 上海译文出版社 , 林少华 
6,(日)东野圭吾 ,解忧杂货店,https://book.douban.com/subject/25862578/, 2014-5 ,https://img1.doubanio.com/spic/s27284878.jpg, 39.50元, 南海出版公司 , 李盈春 
7,[捷克] 米兰·昆德拉 ,不能承受的生命之轻,https://book.douban.com/subject/1017143/, 2003-7 ,https://img1.doubanio.com/spic/s1091698.jpg, 23.00元, 上海译文出版社 , 许钧 
8,,红楼梦,https://book.douban.com/subject/1007305/, 1996-12 ,https://img1.doubanio.com/spic/s1070959.jpg, 59.70元, 人民文学出版社 ,[清] 曹雪芹 著 
9,,梦里花落知多少,https://book.douban.com/subject/1016300/, 2003-11 ,https://img1.doubanio.com/spic/s1513378.jpg, 20.00元, 春风文艺出版社 ,郭敬明 
10,,三体,https://book.douban.com/subject/2567698/, 2008-1 ,https://img1.doubanio.com/spic/s2768378.jpg, 23.00, 重庆出版社 ,刘慈欣 
11,[美] 丹·布朗 ,达·芬奇密码,https://book.douban.com/subject/1040771/, 2004-2 ,https://img3.doubanio.com/spic/s1513425.jpg, 28.00元, 上海人民出版社 , 朱振武 
12,[日] 东野圭吾 ,嫌疑人X的献身,https://book.douban.com/subject/3211779/, 2008-9 ,https://img3.doubanio.com/spic/s3254244.jpg, 28.00, 南海出版公司 , 刘子倩 
13,,1988：我想和这个世界谈谈,https://book.douban.com/subject/5275059/, 2010-9 ,https://img3.doubanio.com/spic/s4477716.jpg, 25.00元, 国际文化出版公司 ,韩寒 
14,,何以笙箫默,https://book.douban.com/subject/1461903/, 2007-4 ,https://img3.doubanio.com/spic/s2529195.jpg, 15.00元, 朝华出版社 ,顾漫 
15,,看见,https://book.douban.com/subject/20427187/, 2013-1-1 ,https://img3.doubanio.com/spic/s24468373.jpg, 39.80元, 广西师范大学出版社 ,柴静 
16,,简爱,https://book.douban.com/subject/1141406/, 2003-11 ,https://img3.doubanio.com/spic/s5924326.jpg, 18.00元, 世界图书出版公司 ,[英] 夏洛蒂·勃朗特 
17,,平凡的世界（全三部）,https://book.douban.com/subject/1200840/, 2005-1 ,https://img3.doubanio.com/spic/s1144911.jpg, 64.00元, 人民文学出版社 ,路遥 
18,[英] J. K. 罗琳 ,哈利·波特与魔法石,https://book.douban.com/subject/1041007/, 2000-9 ,https://img3.doubanio.com/spic/s1990480.jpg, 19.50元, 人民文学出版社 , 苏农 
19,[哥伦比亚] 加西亚·马尔克斯 ,百年孤独,https://book.douban.com/subject/6082808/, 2011-6 ,https://img3.doubanio.com/spic/s6384944.jpg, 39.50元, 南海出版公司 , 范晔 
20,[美国] 玛格丽特·米切尔 ,飘（上下）,https://book.douban.com/subject/1068920/, 2000-9 ,https://img1.doubanio.com/spic/s1078958.jpg, 40.00元, 译林出版社 , 李美华 
21,,杜拉拉升职记,https://book.douban.com/subject/2256039/, 2007-9 ,https://img3.doubanio.com/spic/s3012803.jpg, 26.00元, 陕西师范大学出版社 ,李可 
22,,三重门,https://book.douban.com/subject/1026425/, 2000-5 ,https://img3.doubanio.com/spic/s1024882.jpg, 16.00, 作家出版社 ,韩寒 
23,,送你一颗子弹,https://book.douban.com/subject/4238362/, 2010-1 ,https://img1.doubanio.com/spic/s4243447.jpg, 25.00元, 上海三联书店 ,刘瑜 
24,,倾城之恋,https://book.douban.com/subject/1090043/, 1997-3-1 ,https://img3.doubanio.com/spic/s1077102.jpg, 11.00, 花城出版社 ,张爱玲 
25,[法] 圣埃克苏佩里 ,小王子,https://book.douban.com/subject/1084336/, 2003-8 ,https://img1.doubanio.com/spic/s1237549.jpg, 22.00元, 人民文学出版社 , 马振聘 
26,[美] 卡勒德·胡赛尼 ,追风筝的人,https://book.douban.com/subject/1770782/, 2006-5 ,https://img3.doubanio.com/spic/s1727290.jpg, 29.00元, 上海人民出版社 , 李继宏 
27,,围城,https://book.douban.com/subject/1008145/, 1991-2 ,https://img3.doubanio.com/spic/s1070222.jpg, 19.00, 人民文学出版社 ,钱锺书 
28,,活着,https://book.douban.com/subject/1082154/, 1998-5 ,https://img3.doubanio.com/spic/s23836852.jpg, 12.00元, 南海出版公司 ,余华 
29,[日] 东野圭吾 ,白夜行,https://book.douban.com/subject/3259440/, 2008-9 ,https://img3.doubanio.com/spic/s4610502.jpg, 29.80元, 南海出版公司 , 刘姿君 
30,[日] 村上春树 ,挪威的森林,https://book.douban.com/subject/1046265/, 2001-2 ,https://img3.doubanio.com/spic/s1228930.jpg, 18.80元, 上海译文出版社 , 林少华 
31,(日)东野圭吾 ,解忧杂货店,https://book.douban.com/subject/25862578/, 2014-5 ,https://img1.doubanio.com/spic/s27284878.jpg, 39.50元, 南海出版公司 , 李盈春 
32,[捷克] 米兰·昆德拉 ,不能承受的生命之轻,https://book.douban.com/subject/1017143/, 2003-7 ,https://img1.doubanio.com/spic/s1091698.jpg, 23.00元, 上海译文出版社 , 许钧 
33,,红楼梦,https://book.douban.com/subject/1007305/, 1996-12 ,https://img1.doubanio.com/spic/s1070959.jpg, 59.70元, 人民文学出版社 ,[清] 曹雪芹 著 
34,,梦里花落知多少,https://book.douban.com/subject/1016300/, 2003-11 ,https://img1.doubanio.com/spic/s1513378.jpg, 20.00元, 春风文艺出版社 ,郭敬明 
35,,三体,https://book.douban.com/subject/2567698/, 2008-1 ,https://img1.doubanio.com/spic/s2768378.jpg, 23.00, 重庆出版社 ,刘慈欣 
36,[美] 丹·布朗 ,达·芬奇密码,https://book.douban.com/subject/1040771/, 2004-2 ,https://img3.doubanio.com/spic/s1513425.jpg, 28.00元, 上海人民出版社 , 朱振武 
37,[日] 东野圭吾 ,嫌疑人X的献身,https://book.douban.com/subject/3211779/, 2008-9 ,https://img3.doubanio.com/spic/s3254244.jpg, 28.00, 南海出版公司 , 刘子倩 
38,,1988：我想和这个世界谈谈,https://book.douban.com/subject/5275059/, 2010-9 ,https://img3.doubanio.com/spic/s4477716.jpg, 25.00元, 国际文化出版公司 ,韩寒 
39,,何以笙箫默,https://book.douban.com/subject/1461903/, 2007-4 ,https://img3.doubanio.com/spic/s2529195.jpg, 15.00元, 朝华出版社 ,顾漫 
40,,看见,https://book.douban.com/subject/20427187/, 2013-1-1 ,https://img3.doubanio.com/spic/s24468373.jpg, 39.80元, 广西师范大学出版社 ,柴静 
41,,简爱,https://book.douban.com/subject/1141406/, 2003-11 ,https://img3.doubanio.com/spic/s5924326.jpg, 18.00元, 世界图书出版公司 ,[英] 夏洛蒂·勃朗特 
42,,平凡的世界（全三部）,https://book.douban.com/subject/1200840/, 2005-1 ,https://img3.doubanio.com/spic/s1144911.jpg, 64.00元, 人民文学出版社 ,路遥 
43,[英] J. K. 罗琳 ,哈利·波特与魔法石,https://book.douban.com/subject/1041007/, 2000-9 ,https://img3.doubanio.com/spic/s1990480.jpg, 19.50元, 人民文学出版社 , 苏农 
44,[哥伦比亚] 加西亚·马尔克斯 ,百年孤独,https://book.douban.com/subject/6082808/, 2011-6 ,https://img3.doubanio.com/spic/s6384944.jpg, 39.50元, 南海出版公司 , 范晔 
45,[美国] 玛格丽特·米切尔 ,飘（上下）,https://book.douban.com/subject/1068920/, 2000-9 ,https://img1.doubanio.com/spic/s1078958.jpg, 40.00元, 译林出版社 , 李美华 
46,,杜拉拉升职记,https://book.douban.com/subject/2256039/, 2007-9 ,https://img3.doubanio.com/spic/s3012803.jpg, 26.00元, 陕西师范大学出版社 ,李可 
47,,三重门,https://book.douban.com/subject/1026425/, 2000-5 ,https://img3.doubanio.com/spic/s1024882.jpg, 16.00, 作家出版社 ,韩寒 
48,,送你一颗子弹,https://book.douban.com/subject/4238362/, 2010-1 ,https://img1.doubanio.com/spic/s4243447.jpg, 25.00元, 上海三联书店 ,刘瑜 
49,,倾城之恋,https://book.douban.com/subject/1090043/, 1997-3-1 ,https://img3.doubanio.com/spic/s1077102.jpg, 11.00, 花城出版社 ,张爱玲 
50,[法] 圣埃克苏佩里 ,小王子,https://book.douban.com/subject/1084336/, 2003-8 ,https://img1.doubanio.com/spic/s1237549.jpg, 22.00元, 人民文学出版社 , 马振聘 
51,[美] 卡勒德·胡赛尼 ,追风筝的人,https://book.douban.com/subject/1770782/, 2006-5 ,https://img3.doubanio.com/spic/s1727290.jpg, 29.00元, 上海人民出版社 , 李继宏 
52,,围城,https://book.douban.com/subject/1008145/, 1991-2 ,https://img3.doubanio.com/spic/s1070222.jpg, 19.00, 人民文学出版社 ,钱锺书 
53,,活着,https://book.douban.com/subject/1082154/, 1998-5 ,https://img3.doubanio.com/spic/s23836852.jpg, 12.00元, 南海出版公司 ,余华 
54,[日] 东野圭吾 ,白夜行,https://book.douban.com/subject/3259440/, 2008-9 ,https://img3.doubanio.com/spic/s4610502.jpg, 29.80元, 南海出版公司 , 刘姿君 
55,[日] 村上春树 ,挪威的森林,https://book.douban.com/subject/1046265/, 2001-2 ,https://img3.doubanio.com/spic/s1228930.jpg, 18.80元, 上海译文出版社 , 林少华 
56,(日)东野圭吾 ,解忧杂货店,https://book.douban.com/subject/25862578/, 2014-5 ,https://img1.doubanio.com/spic/s27284878.jpg, 39.50元, 南海出版公司 , 李盈春 
57,[捷克] 米兰·昆德拉 ,不能承受的生命之轻,https://book.douban.com/subject/1017143/, 2003-7 ,https://img1.doubanio.com/spic/s1091698.jpg, 23.00元, 上海译文出版社 , 许钧 
58,,红楼梦,https://book.douban.com/subject/1007305/, 1996-12 ,https://img1.doubanio.com/spic/s1070959.jpg, 59.70元, 人民文学出版社 ,[清] 曹雪芹 著 
59,,梦里花落知多少,https://book.douban.com/subject/1016300/, 2003-11 ,https://img1.doubanio.com/spic/s1513378.jpg, 20.00元, 春风文艺出版社 ,郭敬明 
60,,三体,https://book.douban.com/subject/2567698/, 2008-1 ,https://img1.doubanio.com/spic/s2768378.jpg, 23.00, 重庆出版社 ,刘慈欣 
61,[美] 丹·布朗 ,达·芬奇密码,https://book.douban.com/subject/1040771/, 2004-2 ,https://img3.doubanio.com/spic/s1513425.jpg, 28.00元, 上海人民出版社 , 朱振武 
62,[日] 东野圭吾 ,嫌疑人X的献身,https://book.douban.com/subject/3211779/, 2008-9 ,https://img3.doubanio.com/spic/s3254244.jpg, 28.00, 南海出版公司 , 刘子倩 
63,,1988：我想和这个世界谈谈,https://book.douban.com/subject/5275059/, 2010-9 ,https://img3.doubanio.com/spic/s4477716.jpg, 25.00元, 国际文化出版公司 ,韩寒 
64,,何以笙箫默,https://book.douban.com/subject/1461903/, 2007-4 ,https://img3.doubanio.com/spic/s2529195.jpg, 15.00元, 朝华出版社 ,顾漫 
65,,看见,https://book.douban.com/subject/20427187/, 2013-1-1 ,https://img3.doubanio.com/spic/s24468373.jpg, 39.80元, 广西师范大学出版社 ,柴静 
66,,简爱,https://book.douban.com/subject/1141406/, 2003-11 ,https://img3.doubanio.com/spic/s5924326.jpg, 18.00元, 世界图书出版公司 ,[英] 夏洛蒂·勃朗特 
67,,平凡的世界（全三部）,https://book.douban.com/subject/1200840/, 2005-1 ,https://img3.doubanio.com/spic/s1144911.jpg, 64.00元, 人民文学出版社 ,路遥 
68,[英] J. K. 罗琳 ,哈利·波特与魔法石,https://book.douban.com/subject/1041007/, 2000-9 ,https://img3.doubanio.com/spic/s1990480.jpg, 19.50元, 人民文学出版社 , 苏农 
69,[哥伦比亚] 加西亚·马尔克斯 ,百年孤独,https://book.douban.com/subject/6082808/, 2011-6 ,https://img3.doubanio.com/spic/s6384944.jpg, 39.50元, 南海出版公司 , 范晔 
70,[美国] 玛格丽特·米切尔 ,飘（上下）,https://book.douban.com/subject/1068920/, 2000-9 ,https://img1.doubanio.com/spic/s1078958.jpg, 40.00元, 译林出版社 , 李美华 
71,,杜拉拉升职记,https://book.douban.com/subject/2256039/, 2007-9 ,https://img3.doubanio.com/spic/s3012803.jpg, 26.00元, 陕西师范大学出版社 ,李可 
72,,三重门,https://book.douban.com/subject/1026425/, 2000-5 ,https://img3.doubanio.com/spic/s1024882.jpg, 16.00, 作家出版社 ,韩寒 
73,,送你一颗子弹,https://book.douban.com/subject/4238362/, 2010-1 ,https://img1.doubanio.com/spic/s4243447.jpg, 25.00元, 上海三联书店 ,刘瑜 
74,,倾城之恋,https://book.douban.com/subject/1090043/, 1997-3-1 ,https://img3.doubanio.com/spic/s1077102.jpg, 11.00, 花城出版社 ,张爱玲 
75,[法] 圣埃克苏佩里 ,小王子,https://book.douban.com/subject/1084336/, 2003-8 ,https://img1.doubanio.com/spic/s1237549.jpg, 22.00元, 人民文学出版社 , 马振聘 
76,[美] 卡勒德·胡赛尼 ,追风筝的人,https://book.douban.com/subject/1770782/, 2006-5 ,https://img3.doubanio.com/spic/s1727290.jpg, 29.00元, 上海人民出版社 , 李继宏 
77,,围城,https://book.douban.com/subject/1008145/, 1991-2 ,https://img3.doubanio.com/spic/s1070222.jpg, 19.00, 人民文学出版社 ,钱锺书 
78,,活着,https://book.douban.com/subject/1082154/, 1998-5 ,https://img3.doubanio.com/spic/s23836852.jpg, 12.00元, 南海出版公司 ,余华 
79,[日] 东野圭吾 ,白夜行,https://book.douban.com/subject/3259440/, 2008-9 ,https://img3.doubanio.com/spic/s4610502.jpg, 29.80元, 南海出版公司 , 刘姿君 
80,[日] 村上春树 ,挪威的森林,https://book.douban.com/subject/1046265/, 2001-2 ,https://img3.doubanio.com/spic/s1228930.jpg, 18.80元, 上海译文出版社 , 林少华 
81,(日)东野圭吾 ,解忧杂货店,https://book.douban.com/subject/25862578/, 2014-5 ,https://img1.doubanio.com/spic/s27284878.jpg, 39.50元, 南海出版公司 , 李盈春 
82,[捷克] 米兰·昆德拉 ,不能承受的生命之轻,https://book.douban.com/subject/1017143/, 2003-7 ,https://img1.doubanio.com/spic/s1091698.jpg, 23.00元, 上海译文出版社 , 许钧 
83,,红楼梦,https://book.douban.com/subject/1007305/, 1996-12 ,https://img1.doubanio.com/spic/s1070959.jpg, 59.70元, 人民文学出版社 ,[清] 曹雪芹 著 
84,,梦里花落知多少,https://book.douban.com/subject/1016300/, 2003-11 ,https://img1.doubanio.com/spic/s1513378.jpg, 20.00元, 春风文艺出版社 ,郭敬明 
85,,三体,https://book.douban.com/subject/2567698/, 2008-1 ,https://img1.doubanio.com/spic/s2768378.jpg, 23.00, 重庆出版社 ,刘慈欣 
86,[美] 丹·布朗 ,达·芬奇密码,https://book.douban.com/subject/1040771/, 2004-2 ,https://img3.doubanio.com/spic/s1513425.jpg, 28.00元, 上海人民出版社 , 朱振武 
87,[日] 东野圭吾 ,嫌疑人X的献身,https://book.douban.com/subject/3211779/, 2008-9 ,https://img3.doubanio.com/spic/s3254244.jpg, 28.00, 南海出版公司 , 刘子倩 
88,,1988：我想和这个世界谈谈,https://book.douban.com/subject/5275059/, 2010-9 ,https://img3.doubanio.com/spic/s4477716.jpg, 25.00元, 国际文化出版公司 ,韩寒 
89,,何以笙箫默,https://book.douban.com/subject/1461903/, 2007-4 ,https://img3.doubanio.com/spic/s2529195.jpg, 15.00元, 朝华出版社 ,顾漫 
90,,看见,https://book.douban.com/subject/20427187/, 2013-1-1 ,https://img3.doubanio.com/spic/s24468373.jpg, 39.80元, 广西师范大学出版社 ,柴静 
91,,简爱,https://book.douban.com/subject/1141406/, 2003-11 ,https://img3.doubanio.com/spic/s5924326.jpg, 18.00元, 世界图书出版公司 ,[英] 夏洛蒂·勃朗特 
92,,平凡的世界（全三部）,https://book.douban.com/subject/1200840/, 2005-1 ,https://img3.doubanio.com/spic/s1144911.jpg, 64.00元, 人民文学出版社 ,路遥 
93,[英] J. K. 罗琳 ,哈利·波特与魔法石,https://book.douban.com/subject/1041007/, 2000-9 ,https://img3.doubanio.com/spic/s1990480.jpg, 19.50元, 人民文学出版社 , 苏农 
94,[哥伦比亚] 加西亚·马尔克斯 ,百年孤独,https://book.douban.com/subject/6082808/, 2011-6 ,https://img3.doubanio.com/spic/s6384944.jpg, 39.50元, 南海出版公司 , 范晔 
95,[美国] 玛格丽特·米切尔 ,飘（上下）,https://book.douban.com/subject/1068920/, 2000-9 ,https://img1.doubanio.com/spic/s1078958.jpg, 40.00元, 译林出版社 , 李美华 
96,,杜拉拉升职记,https://book.douban.com/subject/2256039/, 2007-9 ,https://img3.doubanio.com/spic/s3012803.jpg, 26.00元, 陕西师范大学出版社 ,李可 
97,,三重门,https://book.douban.com/subject/1026425/, 2000-5 ,https://img3.doubanio.com/spic/s1024882.jpg, 16.00, 作家出版社 ,韩寒 
98,,送你一颗子弹,https://book.douban.com/subject/4238362/, 2010-1 ,https://img1.doubanio.com/spic/s4243447.jpg, 25.00元, 上海三联书店 ,刘瑜 
99,,倾城之恋,https://book.douban.com/subject/1090043/, 1997-3-1 ,https://img3.doubanio.com/spic/s1077102.jpg, 11.00, 花城出版社 ,张爱玲 
100,[法] 圣埃克苏佩里 ,小王子,https://book.douban.com/subject/1084336/, 2003-8 ,https://img1.doubanio.com/spic/s1237549.jpg, 22.00元, 人民文学出版社 , 马振聘 
101,[美] 卡勒德·胡赛尼 ,追风筝的人,https://book.douban.com/subject/1770782/, 2006-5 ,https://img3.doubanio.com/spic/s1727290.jpg, 29.00元, 上海人民出版社 , 李继宏 
102,,围城,https://book.douban.com/subject/1008145/, 1991-2 ,https://img3.doubanio.com/spic/s1070222.jpg, 19.00, 人民文学出版社 ,钱锺书 
103,,活着,https://book.douban.com/subject/1082154/, 1998-5 ,https://img3.doubanio.com/spic/s23836852.jpg, 12.00元, 南海出版公司 ,余华 
104,[日] 东野圭吾 ,白夜行,https://book.douban.com/subject/3259440/, 2008-9 ,https://img3.doubanio.com/spic/s4610502.jpg, 29.80元, 南海出版公司 , 刘姿君 
105,[日] 村上春树 ,挪威的森林,https://book.douban.com/subject/1046265/, 2001-2 ,https://img3.doubanio.com/spic/s1228930.jpg, 18.80元, 上海译文出版社 , 林少华 
106,(日)东野圭吾 ,解忧杂货店,https://book.douban.com/subject/25862578/, 2014-5 ,https://img1.doubanio.com/spic/s27284878.jpg, 39.50元, 南海出版公司 , 李盈春 
107,[捷克] 米兰·昆德拉 ,不能承受的生命之轻,https://book.douban.com/subject/1017143/, 2003-7 ,https://img1.doubanio.com/spic/s1091698.jpg, 23.00元, 上海译文出版社 , 许钧 
108,,红楼梦,https://book.douban.com/subject/1007305/, 1996-12 ,https://img1.doubanio.com/spic/s1070959.jpg, 59.70元, 人民文学出版社 ,[清] 曹雪芹 著 
109,,梦里花落知多少,https://book.douban.com/subject/1016300/, 2003-11 ,https://img1.doubanio.com/spic/s1513378.jpg, 20.00元, 春风文艺出版社 ,郭敬明 
110,,三体,https://book.douban.com/subject/2567698/, 2008-1 ,https://img1.doubanio.com/spic/s2768378.jpg, 23.00, 重庆出版社 ,刘慈欣 
111,[美] 丹·布朗 ,达·芬奇密码,https://book.douban.com/subject/1040771/, 2004-2 ,https://img3.doubanio.com/spic/s1513425.jpg, 28.00元, 上海人民出版社 , 朱振武 
112,[日] 东野圭吾 ,嫌疑人X的献身,https://book.douban.com/subject/3211779/, 2008-9 ,https://img3.doubanio.com/spic/s3254244.jpg, 28.00, 南海出版公司 , 刘子倩 
113,,1988：我想和这个世界谈谈,https://book.douban.com/subject/5275059/, 2010-9 ,https://img3.doubanio.com/spic/s4477716.jpg, 25.00元, 国际文化出版公司 ,韩寒 
114,,何以笙箫默,https://book.douban.com/subject/1461903/, 2007-4 ,https://img3.doubanio.com/spic/s2529195.jpg, 15.00元, 朝华出版社 ,顾漫 
115,,看见,https://book.douban.com/subject/20427187/, 2013-1-1 ,https://img3.doubanio.com/spic/s24468373.jpg, 39.80元, 广西师范大学出版社 ,柴静 
116,,简爱,https://book.douban.com/subject/1141406/, 2003-11 ,https://img3.doubanio.com/spic/s5924326.jpg, 18.00元, 世界图书出版公司 ,[英] 夏洛蒂·勃朗特 
117,,平凡的世界（全三部）,https://book.douban.com/subject/1200840/, 2005-1 ,https://img3.doubanio.com/spic/s1144911.jpg, 64.00元, 人民文学出版社 ,路遥 
118,[英] J. K. 罗琳 ,哈利·波特与魔法石,https://book.douban.com/subject/1041007/, 2000-9 ,https://img3.doubanio.com/spic/s1990480.jpg, 19.50元, 人民文学出版社 , 苏农 
119,[哥伦比亚] 加西亚·马尔克斯 ,百年孤独,https://book.douban.com/subject/6082808/, 2011-6 ,https://img3.doubanio.com/spic/s6384944.jpg, 39.50元, 南海出版公司 , 范晔 
120,[美国] 玛格丽特·米切尔 ,飘（上下）,https://book.douban.com/subject/1068920/, 2000-9 ,https://img1.doubanio.com/spic/s1078958.jpg, 40.00元, 译林出版社 , 李美华 
121,,杜拉拉升职记,https://book.douban.com/subject/2256039/, 2007-9 ,https://img3.doubanio.com/spic/s3012803.jpg, 26.00元, 陕西师范大学出版社 ,李可 
122,,三重门,https://book.douban.com/subject/1026425/, 2000-5 ,https://img3.doubanio.com/spic/s1024882.jpg, 16.00, 作家出版社 ,韩寒 
123,,送你一颗子弹,https://book.douban.com/subject/4238362/, 2010-1 ,https://img1.doubanio.com/spic/s4243447.jpg, 25.00元, 上海三联书店 ,刘瑜 
124,,倾城之恋,https://book.douban.com/subject/1090043/, 1997-3-1 ,https://img3.doubanio.com/spic/s1077102.jpg, 11.00, 花城出版社 ,张爱玲 
125,[法] 圣埃克苏佩里 ,小王子,https://book.douban.com/subject/1084336/, 2003-8 ,https://img1.doubanio.com/spic/s1237549.jpg, 22.00元, 人民文学出版社 , 马振聘 
126,[美] 卡勒德·胡赛尼 ,追风筝的人,https://book.douban.com/subject/1770782/, 2006-5 ,https://img3.doubanio.com/spic/s1727290.jpg, 29.00元, 上海人民出版社 , 李继宏 
127,,围城,https://book.douban.com/subject/1008145/, 1991-2 ,https://img3.doubanio.com/spic/s1070222.jpg, 19.00, 人民文学出版社 ,钱锺书 
128,,活着,https://book.douban.com/subject/1082154/, 1998-5 ,https://img3.doubanio.com/spic/s23836852.jpg, 12.00元, 南海出版公司 ,余华 
129,[日] 东野圭吾 ,白夜行,https://book.douban.com/subject/3259440/, 2008-9 ,https://img3.doubanio.com/spic/s4610502.jpg, 29.80元, 南海出版公司 , 刘姿君 
130,[日] 村上春树 ,挪威的森林,https://book.douban.com/subject/1046265/, 2001-2 ,https://img3.doubanio.com/spic/s1228930.jpg, 18.80元, 上海译文出版社 , 林少华 
131,(日)东野圭吾 ,解忧杂货店,https://book.douban.com/subject/25862578/, 2014-5 ,https://img1.doubanio.com/spic/s27284878.jpg, 39.50元, 南海出版公司 , 李盈春 
132,[捷克] 米兰·昆德拉 ,不能承受的生命之轻,https://book.douban.com/subject/1017143/, 2003-7 ,https://img1.doubanio.com/spic/s1091698.jpg, 23.00元, 上海译文出版社 , 许钧 
133,,红楼梦,https://book.douban.com/subject/1007305/, 1996-12 ,https://img1.doubanio.com/spic/s1070959.jpg, 59.70元, 人民文学出版社 ,[清] 曹雪芹 著 
134,,梦里花落知多少,https://book.douban.com/subject/1016300/, 2003-11 ,https://img1.doubanio.com/spic/s1513378.jpg, 20.00元, 春风文艺出版社 ,郭敬明 
135,,三体,https://book.douban.com/subject/2567698/, 2008-1 ,https://img1.doubanio.com/spic/s2768378.jpg, 23.00, 重庆出版社 ,刘慈欣 
136,[美] 丹·布朗 ,达·芬奇密码,https://book.douban.com/subject/1040771/, 2004-2 ,https://img3.doubanio.com/spic/s1513425.jpg, 28.00元, 上海人民出版社 , 朱振武 
137,[日] 东野圭吾 ,嫌疑人X的献身,https://book.douban.com/subject/3211779/, 2008-9 ,https://img3.doubanio.com/spic/s3254244.jpg, 28.00, 南海出版公司 , 刘子倩 
138,,1988：我想和这个世界谈谈,https://book.douban.com/subject/5275059/, 2010-9 ,https://img3.doubanio.com/spic/s4477716.jpg, 25.00元, 国际文化出版公司 ,韩寒 
139,,何以笙箫默,https://book.douban.com/subject/1461903/, 2007-4 ,https://img3.doubanio.com/spic/s2529195.jpg, 15.00元, 朝华出版社 ,顾漫 
140,,看见,https://book.douban.com/subject/20427187/, 2013-1-1 ,https://img3.doubanio.com/spic/s24468373.jpg, 39.80元, 广西师范大学出版社 ,柴静 
141,,简爱,https://book.douban.com/subject/1141406/, 2003-11 ,https://img3.doubanio.com/spic/s5924326.jpg, 18.00元, 世界图书出版公司 ,[英] 夏洛蒂·勃朗特 
142,,平凡的世界（全三部）,https://book.douban.com/subject/1200840/, 2005-1 ,https://img3.doubanio.com/spic/s1144911.jpg, 64.00元, 人民文学出版社 ,路遥 
143,[英] J. K. 罗琳 ,哈利·波特与魔法石,https://book.douban.com/subject/1041007/, 2000-9 ,https://img3.doubanio.com/spic/s1990480.jpg, 19.50元, 人民文学出版社 , 苏农 
144,[哥伦比亚] 加西亚·马尔克斯 ,百年孤独,https://book.douban.com/subject/6082808/, 2011-6 ,https://img3.doubanio.com/spic/s6384944.jpg, 39.50元, 南海出版公司 , 范晔 
145,[美国] 玛格丽特·米切尔 ,飘（上下）,https://book.douban.com/subject/1068920/, 2000-9 ,https://img1.doubanio.com/spic/s1078958.jpg, 40.00元, 译林出版社 , 李美华 
146,,杜拉拉升职记,https://book.douban.com/subject/2256039/, 2007-9 ,https://img3.doubanio.com/spic/s3012803.jpg, 26.00元, 陕西师范大学出版社 ,李可 
147,,三重门,https://book.douban.com/subject/1026425/, 2000-5 ,https://img3.doubanio.com/spic/s1024882.jpg, 16.00, 作家出版社 ,韩寒 
148,,送你一颗子弹,https://book.douban.com/subject/4238362/, 2010-1 ,https://img1.doubanio.com/spic/s4243447.jpg, 25.00元, 上海三联书店 ,刘瑜 
149,,倾城之恋,https://book.douban.com/subject/1090043/, 1997-3-1 ,https://img3.doubanio.com/spic/s1077102.jpg, 11.00, 花城出版社 ,张爱玲 
150,[法] 圣埃克苏佩里 ,小王子,https://book.douban.com/subject/1084336/, 2003-8 ,https://img1.doubanio.com/spic/s1237549.jpg, 22.00元, 人民文学出版社 , 马振聘 
151,[美] 卡勒德·胡赛尼 ,追风筝的人,https://book.douban.com/subject/1770782/, 2006-5 ,https://img3.doubanio.com/spic/s1727290.jpg, 29.00元, 上海人民出版社 , 李继宏 
152,,围城,https://book.douban.com/subject/1008145/, 1991-2 ,https://img3.doubanio.com/spic/s1070222.jpg, 19.00, 人民文学出版社 ,钱锺书 
153,,活着,https://book.douban.com/subject/1082154/, 1998-5 ,https://img3.doubanio.com/spic/s23836852.jpg, 12.00元, 南海出版公司 ,余华 
154,[日] 东野圭吾 ,白夜行,https://book.douban.com/subject/3259440/, 2008-9 ,https://img3.doubanio.com/spic/s4610502.jpg, 29.80元, 南海出版公司 , 刘姿君 
155,[日] 村上春树 ,挪威的森林,https://book.douban.com/subject/1046265/, 2001-2 ,https://img3.doubanio.com/spic/s1228930.jpg, 18.80元, 上海译文出版社 , 林少华 
156,(日)东野圭吾 ,解忧杂货店,https://book.douban.com/subject/25862578/, 2014-5 ,https://img1.doubanio.com/spic/s27284878.jpg, 39.50元, 南海出版公司 , 李盈春 
157,[捷克] 米兰·昆德拉 ,不能承受的生命之轻,https://book.douban.com/subject/1017143/, 2003-7 ,https://img1.doubanio.com/spic/s1091698.jpg, 23.00元, 上海译文出版社 , 许钧 
158,,红楼梦,https://book.douban.com/subject/1007305/, 1996-12 ,https://img1.doubanio.com/spic/s1070959.jpg, 59.70元, 人民文学出版社 ,[清] 曹雪芹 著 
159,,梦里花落知多少,https://book.douban.com/subject/1016300/, 2003-11 ,https://img1.doubanio.com/spic/s1513378.jpg, 20.00元, 春风文艺出版社 ,郭敬明 
160,,三体,https://book.douban.com/subject/2567698/, 2008-1 ,https://img1.doubanio.com/spic/s2768378.jpg, 23.00, 重庆出版社 ,刘慈欣 
161,[美] 丹·布朗 ,达·芬奇密码,https://book.douban.com/subject/1040771/, 2004-2 ,https://img3.doubanio.com/spic/s1513425.jpg, 28.00元, 上海人民出版社 , 朱振武 
162,[日] 东野圭吾 ,嫌疑人X的献身,https://book.douban.com/subject/3211779/, 2008-9 ,https://img3.doubanio.com/spic/s3254244.jpg, 28.00, 南海出版公司 , 刘子倩 
163,,1988：我想和这个世界谈谈,https://book.douban.com/subject/5275059/, 2010-9 ,https://img3.doubanio.com/spic/s4477716.jpg, 25.00元, 国际文化出版公司 ,韩寒 
164,,何以笙箫默,https://book.douban.com/subject/1461903/, 2007-4 ,https://img3.doubanio.com/spic/s2529195.jpg, 15.00元, 朝华出版社 ,顾漫 
165,,看见,https://book.douban.com/subject/20427187/, 2013-1-1 ,https://img3.doubanio.com/spic/s24468373.jpg, 39.80元, 广西师范大学出版社 ,柴静 
166,,简爱,https://book.douban.com/subject/1141406/, 2003-11 ,https://img3.doubanio.com/spic/s5924326.jpg, 18.00元, 世界图书出版公司 ,[英] 夏洛蒂·勃朗特 
167,,平凡的世界（全三部）,https://book.douban.com/subject/1200840/, 2005-1 ,https://img3.doubanio.com/spic/s1144911.jpg, 64.00元, 人民文学出版社 ,路遥 
168,[英] J. K. 罗琳 ,哈利·波特与魔法石,https://book.douban.com/subject/1041007/, 2000-9 ,https://img3.doubanio.com/spic/s1990480.jpg, 19.50元, 人民文学出版社 , 苏农 
169,[哥伦比亚] 加西亚·马尔克斯 ,百年孤独,https://book.douban.com/subject/6082808/, 2011-6 ,https://img3.doubanio.com/spic/s6384944.jpg, 39.50元, 南海出版公司 , 范晔 
170,[美国] 玛格丽特·米切尔 ,飘（上下）,https://book.douban.com/subject/1068920/, 2000-9 ,https://img1.doubanio.com/spic/s1078958.jpg, 40.00元, 译林出版社 , 李美华 
171,,杜拉拉升职记,https://book.douban.com/subject/2256039/, 2007-9 ,https://img3.doubanio.com/spic/s3012803.jpg, 26.00元, 陕西师范大学出版社 ,李可 
172,,三重门,https://book.douban.com/subject/1026425/, 2000-5 ,https://img3.doubanio.com/spic/s1024882.jpg, 16.00, 作家出版社 ,韩寒 
173,,送你一颗子弹,https://book.douban.com/subject/4238362/, 2010-1 ,https://img1.doubanio.com/spic/s4243447.jpg, 25.00元, 上海三联书店 ,刘瑜 
174,,倾城之恋,https://book.douban.com/subject/1090043/, 1997-3-1 ,https://img3.doubanio.com/spic/s1077102.jpg, 11.00, 花城出版社 ,张爱玲 
175,[法] 圣埃克苏佩里 ,小王子,https://book.douban.com/subject/1084336/, 2003-8 ,https://img1.doubanio.com/spic/s1237549.jpg, 22.00元, 人民文学出版社 , 马振聘 
176,[美] 卡勒德·胡赛尼 ,追风筝的人,https://book.douban.com/subject/1770782/, 2006-5 ,https://img3.doubanio.com/spic/s1727290.jpg, 29.00元, 上海人民出版社 , 李继宏 
177,,围城,https://book.douban.com/subject/1008145/, 1991-2 ,https://img3.doubanio.com/spic/s1070222.jpg, 19.00, 人民文学出版社 ,钱锺书 
178,,活着,https://book.douban.com/subject/1082154/, 1998-5 ,https://img3.doubanio.com/spic/s23836852.jpg, 12.00元, 南海出版公司 ,余华 
179,[日] 东野圭吾 ,白夜行,https://book.douban.com/subject/3259440/, 2008-9 ,https://img3.doubanio.com/spic/s4610502.jpg, 29.80元, 南海出版公司 , 刘姿君 
180,[日] 村上春树 ,挪威的森林,https://book.douban.com/subject/1046265/, 2001-2 ,https://img3.doubanio.com/spic/s1228930.jpg, 18.80元, 上海译文出版社 , 林少华 
181,(日)东野圭吾 ,解忧杂货店,https://book.douban.com/subject/25862578/, 2014-5 ,https://img1.doubanio.com/spic/s27284878.jpg, 39.50元, 南海出版公司 , 李盈春 
182,[捷克] 米兰·昆德拉 ,不能承受的生命之轻,https://book.douban.com/subject/1017143/, 2003-7 ,https://img1.doubanio.com/spic/s1091698.jpg, 23.00元, 上海译文出版社 , 许钧 
183,,红楼梦,https://book.douban.com/subject/1007305/, 1996-12 ,https://img1.doubanio.com/spic/s1070959.jpg, 59.70元, 人民文学出版社 ,[清] 曹雪芹 著 
184,,梦里花落知多少,https://book.douban.com/subject/1016300/, 2003-11 ,https://img1.doubanio.com/spic/s1513378.jpg, 20.00元, 春风文艺出版社 ,郭敬明 
185,,三体,https://book.douban.com/subject/2567698/, 2008-1 ,https://img1.doubanio.com/spic/s2768378.jpg, 23.00, 重庆出版社 ,刘慈欣 
186,[美] 丹·布朗 ,达·芬奇密码,https://book.douban.com/subject/1040771/, 2004-2 ,https://img3.doubanio.com/spic/s1513425.jpg, 28.00元, 上海人民出版社 , 朱振武 
187,[日] 东野圭吾 ,嫌疑人X的献身,https://book.douban.com/subject/3211779/, 2008-9 ,https://img3.doubanio.com/spic/s3254244.jpg, 28.00, 南海出版公司 , 刘子倩 
188,,1988：我想和这个世界谈谈,https://book.douban.com/subject/5275059/, 2010-9 ,https://img3.doubanio.com/spic/s4477716.jpg, 25.00元, 国际文化出版公司 ,韩寒 
189,,何以笙箫默,https://book.douban.com/subject/1461903/, 2007-4 ,https://img3.doubanio.com/spic/s2529195.jpg, 15.00元, 朝华出版社 ,顾漫 
190,,看见,https://book.douban.com/subject/20427187/, 2013-1-1 ,https://img3.doubanio.com/spic/s24468373.jpg, 39.80元, 广西师范大学出版社 ,柴静 
191,,简爱,https://book.douban.com/subject/1141406/, 2003-11 ,https://img3.doubanio.com/spic/s5924326.jpg, 18.00元, 世界图书出版公司 ,[英] 夏洛蒂·勃朗特 
192,,平凡的世界（全三部）,https://book.douban.com/subject/1200840/, 2005-1 ,https://img3.doubanio.com/spic/s1144911.jpg, 64.00元, 人民文学出版社 ,路遥 
193,[英] J. K. 罗琳 ,哈利·波特与魔法石,https://book.douban.com/subject/1041007/, 2000-9 ,https://img3.doubanio.com/spic/s1990480.jpg, 19.50元, 人民文学出版社 , 苏农 
194,[哥伦比亚] 加西亚·马尔克斯 ,百年孤独,https://book.douban.com/subject/6082808/, 2011-6 ,https://img3.doubanio.com/spic/s6384944.jpg, 39.50元, 南海出版公司 , 范晔 
195,[美国] 玛格丽特·米切尔 ,飘（上下）,https://book.douban.com/subject/1068920/, 2000-9 ,https://img1.doubanio.com/spic/s1078958.jpg, 40.00元, 译林出版社 , 李美华 
196,,杜拉拉升职记,https://book.douban.com/subject/2256039/, 2007-9 ,https://img3.doubanio.com/spic/s3012803.jpg, 26.00元, 陕西师范大学出版社 ,李可 
197,,三重门,https://book.douban.com/subject/1026425/, 2000-5 ,https://img3.doubanio.com/spic/s1024882.jpg, 16.00, 作家出版社 ,韩寒 
198,,送你一颗子弹,https://book.douban.com/subject/4238362/, 2010-1 ,https://img1.doubanio.com/spic/s4243447.jpg, 25.00元, 上海三联书店 ,刘瑜 
199,,倾城之恋,https://book.douban.com/subject/1090043/, 1997-3-1 ,https://img3.doubanio.com/spic/s1077102.jpg, 11.00, 花城出版社 ,张爱玲 
200,[法] 圣埃克苏佩里 ,小王子,https://book.douban.com/subject/1084336/, 2003-8 ,https://img1.doubanio.com/spic/s1237549.jpg, 22.00元, 人民文学出版社 , 马振聘 
201,[美] 卡勒德·胡赛尼 ,追风筝的人,https://book.douban.com/subject/1770782/, 2006-5 ,https://img3.doubanio.com/spic/s1727290.jpg, 29.00元, 上海人民出版社 , 李继宏 
202,,围城,https://book.douban.com/subject/1008145/, 1991-2 ,https://img3.doubanio.com/spic/s1070222.jpg, 19.00, 人民文学出版社 ,钱锺书 
203,,活着,https://book.douban.com/subject/1082154/, 1998-5 ,https://img3.doubanio.com/spic/s23836852.jpg, 12.00元, 南海出版公司 ,余华 
204,[日] 东野圭吾 ,白夜行,https://book.douban.com/subject/3259440/, 2008-9 ,https://img3.doubanio.com/spic/s4610502.jpg, 29.80元, 南海出版公司 , 刘姿君 
205,[日] 村上春树 ,挪威的森林,https://book.douban.com/subject/1046265/, 2001-2 ,https://img3.doubanio.com/spic/s1228930.jpg, 18.80元, 上海译文出版社 , 林少华 
206,(日)东野圭吾 ,解忧杂货店,https://book.douban.com/subject/25862578/, 2014-5 ,https://img1.doubanio.com/spic/s27284878.jpg, 39.50元, 南海出版公司 , 李盈春 
207,[捷克] 米兰·昆德拉 ,不能承受的生命之轻,https://book.douban.com/subject/1017143/, 2003-7 ,https://img1.doubanio.com/spic/s1091698.jpg, 23.00元, 上海译文出版社 , 许钧 
208,,红楼梦,https://book.douban.com/subject/1007305/, 1996-12 ,https://img1.doubanio.com/spic/s1070959.jpg, 59.70元, 人民文学出版社 ,[清] 曹雪芹 著 
209,,梦里花落知多少,https://book.douban.com/subject/1016300/, 2003-11 ,https://img1.doubanio.com/spic/s1513378.jpg, 20.00元, 春风文艺出版社 ,郭敬明 
210,,三体,https://book.douban.com/subject/2567698/, 2008-1 ,https://img1.doubanio.com/spic/s2768378.jpg, 23.00, 重庆出版社 ,刘慈欣 
211,[美] 丹·布朗 ,达·芬奇密码,https://book.douban.com/subject/1040771/, 2004-2 ,https://img3.doubanio.com/spic/s1513425.jpg, 28.00元, 上海人民出版社 , 朱振武 
212,[日] 东野圭吾 ,嫌疑人X的献身,https://book.douban.com/subject/3211779/, 2008-9 ,https://img3.doubanio.com/spic/s3254244.jpg, 28.00, 南海出版公司 , 刘子倩 
213,,1988：我想和这个世界谈谈,https://book.douban.com/subject/5275059/, 2010-9 ,https://img3.doubanio.com/spic/s4477716.jpg, 25.00元, 国际文化出版公司 ,韩寒 
214,,何以笙箫默,https://book.douban.com/subject/1461903/, 2007-4 ,https://img3.doubanio.com/spic/s2529195.jpg, 15.00元, 朝华出版社 ,顾漫 
215,,看见,https://book.douban.com/subject/20427187/, 2013-1-1 ,https://img3.doubanio.com/spic/s24468373.jpg, 39.80元, 广西师范大学出版社 ,柴静 
216,,简爱,https://book.douban.com/subject/1141406/, 2003-11 ,https://img3.doubanio.com/spic/s5924326.jpg, 18.00元, 世界图书出版公司 ,[英] 夏洛蒂·勃朗特 
217,,平凡的世界（全三部）,https://book.douban.com/subject/1200840/, 2005-1 ,https://img3.doubanio.com/spic/s1144911.jpg, 64.00元, 人民文学出版社 ,路遥 
218,[英] J. K. 罗琳 ,哈利·波特与魔法石,https://book.douban.com/subject/1041007/, 2000-9 ,https://img3.doubanio.com/spic/s1990480.jpg, 19.50元, 人民文学出版社 , 苏农 
219,[哥伦比亚] 加西亚·马尔克斯 ,百年孤独,https://book.douban.com/subject/6082808/, 2011-6 ,https://img3.doubanio.com/spic/s6384944.jpg, 39.50元, 南海出版公司 , 范晔 
220,[美国] 玛格丽特·米切尔 ,飘（上下）,https://book.douban.com/subject/1068920/, 2000-9 ,https://img1.doubanio.com/spic/s1078958.jpg, 40.00元, 译林出版社 , 李美华 
221,,杜拉拉升职记,https://book.douban.com/subject/2256039/, 2007-9 ,https://img3.doubanio.com/spic/s3012803.jpg, 26.00元, 陕西师范大学出版社 ,李可 
222,,三重门,https://book.douban.com/subject/1026425/, 2000-5 ,https://img3.doubanio.com/spic/s1024882.jpg, 16.00, 作家出版社 ,韩寒 
223,,送你一颗子弹,https://book.douban.com/subject/4238362/, 2010-1 ,https://img1.doubanio.com/spic/s4243447.jpg, 25.00元, 上海三联书店 ,刘瑜 
224,,倾城之恋,https://book.douban.com/subject/1090043/, 1997-3-1 ,https://img3.doubanio.com/spic/s1077102.jpg, 11.00, 花城出版社 ,张爱玲 
225,[法] 圣埃克苏佩里 ,小王子,https://book.douban.com/subject/1084336/, 2003-8 ,https://img1.doubanio.com/spic/s1237549.jpg, 22.00元, 人民文学出版社 , 马振聘 
226,[美] 卡勒德·胡赛尼 ,追风筝的人,https://book.douban.com/subject/1770782/, 2006-5 ,https://img3.doubanio.com/spic/s1727290.jpg, 29.00元, 上海人民出版社 , 李继宏 
227,,围城,https://book.douban.com/subject/1008145/, 1991-2 ,https://img3.doubanio.com/spic/s1070222.jpg, 19.00, 人民文学出版社 ,钱锺书 
228,,活着,https://book.douban.com/subject/1082154/, 1998-5 ,https://img3.doubanio.com/spic/s23836852.jpg, 12.00元, 南海出版公司 ,余华 
229,[日] 东野圭吾 ,白夜行,https://book.douban.com/subject/3259440/, 2008-9 ,https://img3.doubanio.com/spic/s4610502.jpg, 29.80元, 南海出版公司 , 刘姿君 
230,[日] 村上春树 ,挪威的森林,https://book.douban.com/subject/1046265/, 2001-2 ,https://img3.doubanio.com/spic/s1228930.jpg, 18.80元, 上海译文出版社 , 林少华 
231,(日)东野圭吾 ,解忧杂货店,https://book.douban.com/subject/25862578/, 2014-5 ,https://img1.doubanio.com/spic/s27284878.jpg, 39.50元, 南海出版公司 , 李盈春 
232,[捷克] 米兰·昆德拉 ,不能承受的生命之轻,https://book.douban.com/subject/1017143/, 2003-7 ,https://img1.doubanio.com/spic/s1091698.jpg, 23.00元, 上海译文出版社 , 许钧 
233,,红楼梦,https://book.douban.com/subject/1007305/, 1996-12 ,https://img1.doubanio.com/spic/s1070959.jpg, 59.70元, 人民文学出版社 ,[清] 曹雪芹 著 
234,,梦里花落知多少,https://book.douban.com/subject/1016300/, 2003-11 ,https://img1.doubanio.com/spic/s1513378.jpg, 20.00元, 春风文艺出版社 ,郭敬明 
235,,三体,https://book.douban.com/subject/2567698/, 2008-1 ,https://img1.doubanio.com/spic/s2768378.jpg, 23.00, 重庆出版社 ,刘慈欣 
236,[美] 丹·布朗 ,达·芬奇密码,https://book.douban.com/subject/1040771/, 2004-2 ,https://img3.doubanio.com/spic/s1513425.jpg, 28.00元, 上海人民出版社 , 朱振武 
237,[日] 东野圭吾 ,嫌疑人X的献身,https://book.douban.com/subject/3211779/, 2008-9 ,https://img3.doubanio.com/spic/s3254244.jpg, 28.00, 南海出版公司 , 刘子倩 
238,,1988：我想和这个世界谈谈,https://book.douban.com/subject/5275059/, 2010-9 ,https://img3.doubanio.com/spic/s4477716.jpg, 25.00元, 国际文化出版公司 ,韩寒 
239,,何以笙箫默,https://book.douban.com/subject/1461903/, 2007-4 ,https://img3.doubanio.com/spic/s2529195.jpg, 15.00元, 朝华出版社 ,顾漫 
240,,看见,https://book.douban.com/subject/20427187/, 2013-1-1 ,https://img3.doubanio.com/spic/s24468373.jpg, 39.80元, 广西师范大学出版社 ,柴静 
241,,简爱,https://book.douban.com/subject/1141406/, 2003-11 ,https://img3.doubanio.com/spic/s5924326.jpg, 18.00元, 世界图书出版公司 ,[英] 夏洛蒂·勃朗特 
242,,平凡的世界（全三部）,https://book.douban.com/subject/1200840/, 2005-1 ,https://img3.doubanio.com/spic/s1144911.jpg, 64.00元, 人民文学出版社 ,路遥 
243,[英] J. K. 罗琳 ,哈利·波特与魔法石,https://book.douban.com/subject/1041007/, 2000-9 ,https://img3.doubanio.com/spic/s1990480.jpg, 19.50元, 人民文学出版社 , 苏农 
244,[哥伦比亚] 加西亚·马尔克斯 ,百年孤独,https://book.douban.com/subject/6082808/, 2011-6 ,https://img3.doubanio.com/spic/s6384944.jpg, 39.50元, 南海出版公司 , 范晔 
245,[美国] 玛格丽特·米切尔 ,飘（上下）,https://book.douban.com/subject/1068920/, 2000-9 ,https://img1.doubanio.com/spic/s1078958.jpg, 40.00元, 译林出版社 , 李美华 
246,,杜拉拉升职记,https://book.douban.com/subject/2256039/, 2007-9 ,https://img3.doubanio.com/spic/s3012803.jpg, 26.00元, 陕西师范大学出版社 ,李可 
247,,三重门,https://book.douban.com/subject/1026425/, 2000-5 ,https://img3.doubanio.com/spic/s1024882.jpg, 16.00, 作家出版社 ,韩寒 
248,,送你一颗子弹,https://book.douban.com/subject/4238362/, 2010-1 ,https://img1.doubanio.com/spic/s4243447.jpg, 25.00元, 上海三联书店 ,刘瑜 
249,,倾城之恋,https://book.douban.com/subject/1090043/, 1997-3-1 ,https://img3.doubanio.com/spic/s1077102.jpg, 11.00, 花城出版社 ,张爱玲 
